INSERT INTO `categories` (`category_id`, `category_name`, `mod_date`, `status`) VALUES
(1, 'Electric skateboard', '2017-02-24 22:41:00', 1),
(2, 'Smart Switch', '2017-02-24 22:42:00', 1);

INSERT INTO `ship_cost` (`ship_cost_id`, `distance`, `price`, `region`) VALUES
(1, 8, 25000, 'Q5 - Q6 - Q10 - Q11 - Q8 - Q1 và Q3 '),
(2, 15, 30000, 'Q Bình Tân, Tân Phú, Tân Bình, Phú Nhuận, Bình Thạnh, Q1, Q4, Q7'),
(3, 20, 40000, 'Q. Gò Vấp, Q9, Q Thủ Đức, Q2, Thanh Đa, Huyện Hóc Môn, Nhà Bè, Cần Giờ, Bình Chánh, Củ Chi'),
(4, 300, 60000, 'Miền Nam'),
(5, 600, 70000, 'Miền Trung'),
(6, 800, 100000, 'Miền Bắc'),
(7, 0, 0, 'COD'),
(8, 0, 0, 'Phí ship trả sau');

INSERT INTO `members` (`address`, `city`, `country`, `district`, `email`, `full_name`, `mod_date`, `pass`, `phone`, `post_code`, `status`, `street`, `ship_cost_id`) VALUES
('91/5 trần chánh chiếu, phường 14, quận5, tp Hồ Chí Minh', NULL, NULL, NULL, 'thienkyo@gmail.com', 'thien le', '2017-03-09 04:06:00', 'MTIzNDU2bHR0', '0909957872', NULL, 1, NULL, 1),
('85/15 nguyễn Ảnh Thủ, ấp Tây Lân, xã Bà Điểm, tp Hồ Chí Minh', NULL, NULL, NULL, 'member@gmail.com', 'member', '2017-04-03 23:59:40', 'MTIzNDU2bHR0', '444444444444', NULL, 1, NULL, 3),
('guest', NULL, NULL, NULL, 'guest@gmail.com', 'member', '2022-05-28 23:59:40', 'MTIzNDU2bHR0', '444444444444', NULL, 1, NULL, 8),
('00/5 trần chánh chiếu, phường 14, quận5, tp Hồ Chí Minh', NULL, NULL, NULL, 'admin1@gmail.com', 'thien le', '2017-03-09 04:06:00', 'MTIzNDU2bHR0', '0909950000', NULL, 1, NULL, 3),
('11/78 trần chánh chiếu, phường 14, quận5, tp Hồ Chí Minh', NULL, NULL, NULL, 'admin2@gmail.com', 'thien le', '2017-03-09 04:06:00', 'MTIzNDU2bHR0', '0909951111', NULL, 1, NULL, 4),
('22/89 trần chánh chiếu, phường 14, quận5, tp Hồ Chí Minh', NULL, NULL, NULL, 'admin3@gmail.com', 'thien le', '2017-03-09 04:06:00', 'MTIzNDU2bHR0', '0909952222', NULL, 1, NULL, 5);


INSERT INTO `member_role` (`id`, `email`, `role`, `member_id`) VALUES
(1, 'thienkyo@gmail.com', 'MEMBER', 1),
(2, 'thienkyo@gmail.com', 'ADMIN', 1),
(3, 'admin1@gmail.com', 'MEMBER', 4),
(4, 'admin1@gmail.com', 'ADMIN', 4),
(5, 'admin2@gmail.com', 'MEMBER', 5),
(6, 'admin2@gmail.com', 'ADMIN', 5),
(7, 'admin3@gmail.com', 'MEMBER', 6),
(8, 'admin3@gmail.com', 'ADMIN', 6),
(9, 'member@gmail.com', 'MEMBER', 2),
(10,'guest@gmail.com', 'MEMBER', 3);

INSERT INTO `banner` (`banner_id`, `banner_name`, `description`, `image`, `link`, `mod_date`, `status`) VALUES
(1, 'banner 1111 banner 1111 banner 1111', 'thiện thiện đường trường thiện thiện đường trường thiện thiện đường trường thiện thiện đường trường', '20170520.184230-controller.jpg', 'f/sdfe/w234', '2017-05-20 18:43:02', 1),
(2, 'động cơ mạnh cực mạnh', 'động cơ mạnh cực mạnh động cơ mạnh cực mạnh động cơ mạnh cực mạnh động cơ mạnh cực mạnh', '20170520.184347-motor.jpg', '/sdfkhd/dfj/3', '2017-05-20 18:44:12', 1),
(3, 'bánh xe wheel bánh xe wheel bánh xe wheel bánh xe wheel', 'bánh xe wheel bánh xe wheel bánh xe wheel bánh xe wheel bánh xe wheel bánh xe wheel', '20170520.184442-wheel.jpg', 'dfjhy/dfgj/3', '2017-05-20 18:45:06', 1);


INSERT INTO `products` (`prod_id`, `description`, `discount`, `image`, `mod_date`, `notification`, `price`, `prod_name`, `quantity`, `status`, `weight`, `category_id`,`need_image`,`min_number_of_image`,`max_number_of_image`) VALUES
(1, '<ul>\n<li>d&acirc;y belt đai răng 3M 213</li>\n<li>thuộc t&iacute;nh 1</li>\n<li>thuộc t&iacute;nh 2&nbsp;</li>\n</ul>\n<h1>thiwet rthiet w wihslkf fkhkaufl aa fhlsikfhp aksjhnskfjhs &nbsp;s sufhslk sfjsdhf sdfjkshlajvnmx skh d sdklfbjser svs sddfbhfn</h1>\n<p>.sdlvsm,dfjsvmv &nbsp;,.,vskdf sf,jsf sdg&lt;&gt; sjbs,bf&nbsp;</p>\n<p>s,jfnskdfnsdf sdjs <span style="color: #ff0000;">swqiu3483t</span> ejfg 454 w <span style="color: #00ff00;">efrswoajgnrg</span>&nbsp;</p>\n<ol>\n<li>htien</li>\n<li>tuyen</li>\n<li>thien</li>\n<li>tuyen</li>\n<li>thien</li>\n<li>tuyen</li>\n</ol>\n<p>&nbsp;</p>\n<p><iframe src="//www.youtube.com/embed/4rnYMT7x8vU" width="500" height="280" allowfullscreen="allowfullscreen"></iframe></p>\n<p>&nbsp;</p>\n<p style="text-align: center;"><iframe src="//www.youtube.com/embed/O9KvwVsFPMw" width="560" height="314" allowfullscreen="allowfullscreen"></iframe></p>\n<p>&nbsp;</p>\n<p><img src="images/productDetail/20170502.163058-nano_pinout.png" alt="" width="700" height="495" /></p>\n<p>t&eacute;t t&eacute; t&ecirc;tst &nbsp;</p>\n<p>th&ecirc;m h&igrave;nh&nbsp;</p>\n<p><img src="images/productDetail/20170502.163710-uno_relays.jpg" alt="" width="500" height="353" /></p>', 0, '20170520.155228-motor.jpg', '2017-05-20 18:08:43', 'sắp có hàng', 90000, 'Dây đai răng/Belt 3M 213 ', 10, 1, 1.0, 1,1,1,4),
(2, '<p>V&aacute;n chưa bao gồm b&aacute;nh xe</p>\n<p>&nbsp;</p>\n<p>&nbsp;</p>\n<p><img src="images/productDetail/20170513.140419-product2.jpg" width="643" height="597" /></p>', 0, '20170513.140304-product8.jpg', '2017-05-13 14:04:45', 'sắp có hàng', 600000, 'Ván trượt/Deck ', 5, 1, 1.0, 1,0,0,0),
(3, 'Gá động cơ/motor mount', 0, 'testBoard.jpg', '2017-02-24 00:00:00', 'sắp có hàng', 400000, 'Gá động cơ/motor mount', 10, 1, 1.0, 1,0,0,0),
(4, '<p>5060 2000w trục cam 8mm</p>\n<p style="text-align: center;"><img src="images/productDetail/20170520.120532-IMG_2103.jpg" alt="" width="700" height="525" /></p>', 0, 'testBoard.jpg', '2017-05-20 12:06:22', 'sắp có hàng', 1200000, 'Động cơ/motor', 5, 1, 2.0, 1,0,0,0),
(5, '180mm caliber, \r\nstyle: longboard\r\nreverse king pin', 0, '20170426.232627-11390229_10152957697955878_6703394316622648241_n.jpg', '2017-04-26 23:26:31', 'sắp có hàng', 500000, 'Trục bánh xe/Truck', 10, 1, 1.0, 1,0,0,0),
(6, '<p>set 4 b&aacute;nh, 90mm style:flywheel</p>\n<p style="text-align: center;"><img src="images/productDetail/20170520.154120-product11.jpg" alt="" width="268" height="249" /></p>', 0, '20170520.154851-wheel.jpg', '2017-05-20 15:48:54', 'sắp có hàng', 500000, 'bánh xe/Wheels', 10, 1, 1.5, 1,0,0,0),
(7, 'spec: 6s3p 18 viên 18650', 0, 'testBoard.jpg', '2017-05-14 13:36:26', 'sắp có hàng', 1200000, 'pin', 34, 1, 1.0, 1,0,0,0),
(8, '<p><img src="images/productDetail/20170520.135923-11146179_635190179915465_5211184956080008174_n.jpg" alt="" width="800" height="600" /></p>', 0, '20170426.232429-11146179_635190179915465_5211184956080008174_n.jpg', '2017-05-20 13:59:48', 'con hang', 12000, 'test product name', 5, 1, 0.6, 1,0,0,0),
(9, '', 0, '20170426.234328-11178500_10202898225216571_637100275_n.jpg', '2017-05-14 13:11:56', 'còn hàng', 1000000, 'test name', 12, 1, 0.1, 1,0,0,0),
(10, '<p style="text-align: center;"><iframe src="//www.youtube.com/embed/O9KvwVsFPMw" width="700" height="393" allowfullscreen="allowfullscreen"></iframe></p>', 0, '20170520.155450-wheel.jpg', '2017-05-20 15:54:53', 'còn hàng', 1000, 'test name', 6, 1, 0.1, 2,1,1,8),
(11, '<h2>Những điều cần biết trước khi mua h&agrave;ng:</h2>\n<h2>M&igrave;nh l&agrave; lập tr&igrave;nh vi&ecirc;n l&agrave;m việc to&agrave;n thời gian n&ecirc;n chỉ chủ yếu b&aacute;n online. chỉ mở tại nh&agrave; theo thời gian biểu b&ecirc;n dưới</h2>\n<p>&nbsp;</p>\n<h2>Đặt h&agrave;ng online</h2>\n<ol>\n<li>\n<h3>chọn sản phẩm</h3>\n</li>\n<li>\n<h3>cho v&agrave;o giỏ h&agrave;ng(cart)</h3>\n</li>\n<li>\n<h3>đặt h&agrave;ng (cần login)</h3>\n</li>\n<li>\n<h3>chuyển tiền. <span style="color: #ff0000;">nhớ ghi ch&uacute; m&atilde; đơn h&agrave;ng</span>.</h3>\n</li>\n<li>\n<h3>cửa h&agrave;ng check đơn h&agrave;ng</h3>\n</li>\n<li>\n<h3>shipping</h3>\n</li>\n<li>\n<h3>nhận h&agrave;ng</h3>\n</li>\n</ol>\n<h2>Chuyển khoản ng&acirc;n h&agrave;ng:</h2>\n<h3>&nbsp; &nbsp;0331000404494</h3>\n<h3>&nbsp; &nbsp;Vietcombank chi nh&aacute;nh Bến Th&agrave;nh</h3>\n<h3>&nbsp; &nbsp;L&Ecirc; TRỌNG THI&Ecirc;N</h3>\n<h3>&nbsp;</h3>\n<h2>Mua h&agrave;ng tại chỗ : 85/15 Trần ch&aacute;nh Chiếu, phường 14, quận 5, tp HCM.&nbsp;</h2>\n<h2>giờ l&agrave;m việc : t4: 15h-18h; t7: 9h-18h. Tốt hơn l&agrave; li&ecirc;n lạc trước khi tới.</h2>\n<p>&nbsp;</p>', 0, '20170520.155134-controller.jpg', '2017-05-20 15:51:38', 'còn hàng', 100000, 'the hunter hunter', 13, 1, 0.3, 2,0,0,0),
(12, '', 0, '20170430.134930-11146179_635190179915465_5211184956080008174_n.jpg', '2017-05-15 20:58:42', 'còn hàng', 1000, 'test delete category', 13, 1, 0.1, 2,0,0,0),
(13, '<ol>\n<li>\n<h1>thu&ecirc;n</h1>\n</li>\n<li>\n<h1>theien &nbsp;</h1>\n</li>\n</ol>\n<p>&nbsp;</p>\n<p><img style="display: block; margin-left: auto; margin-right: auto;" src="images/productDetail/20170503.163142-vug school logos-26.png" alt="" width="600" height="424" /></p>\n<p>&nbsp;</p>\n<p><iframe src="//www.youtube.com/embed/QZn2TCjjmAs" width="560" height="314" allowfullscreen="allowfullscreen"></iframe></p>', 0, '20170513.140120-product11.jpg', '2017-05-17 23:42:08', 'còn hàng', 1000, 'thuan', 0, 1, 0.1, 2,0,0,0);

INSERT INTO `article` (`article_id`, `article_name`, `author`, `content`, `description`, `image`, `mod_date`, `status`) VALUES
(1, 'bài viết article đầu tiên của tôi 343', 'kyokyo', '<p>nothing much to say here.&nbsp;nothing much to say here.&nbsp;nothing much to say here.nothing much to say here.&nbsp;nothing much to say here.nothing much to say here.nothing much to say here.nothing much to say here.&nbsp;nothing much to say here.nothing much to say here.nothing much to say here.nothing <span style="color: #ff6600;">much to say here</span>.nothing much to say here.nothing much to say here.nothing much to say here.nothing much to say here.nothing much to say here.nothing much to say here.nothing much to say here.nothing much to say here.nothing much to say here.nothing much to say here.nothing much to say here.nothing much to say here.nothing much to say here.nothing much to say here.</p>\n<p>&nbsp;</p>\n<p style="text-align: center;"><img src="images/article/20170510.211333-girl2.jpg" alt="" width="484" height="441" /></p>\n<h1>nothing much to say here.nothing much to say here.nothing much to say here.nothing much to say here.nothing much to say here.nothing much to say here.nothing much to say here.nothing much to say here.nothing much to say here.nothing much to say here.</h1>\n<p>&nbsp;</p>\n<p>nothing much to say here.n<span style="color: #339966;">othing much</span> to say here.nothing much to say here.nothing much to say here.nothing much to say here.nothing much to say here.nothing much to say here.nothing much to say here.nothing much to say here.nothing much to say here.nothing much to say here.nothing much to say here.nothing much to say here.nothing much to say here.nothing much to say here.</p>', 'nothing much to say here.nothing much to say here.nothing much to say here. thiện thiện tài giỏi', '20170510.211112-blog-three.jpg', '2017-05-20 17:56:24', 0),
(2, 'đây là bài thứ 2 tôi viết lan dau a 44', 'thienkyo', 'khống co gì nhiều để nói.khống co gì nhiều để nói.khống co gì nhiều để nói.khống co gì nhiều để nói.khống co gì nhiều để nói.khống co gì nhiều để nói.', 'khống co gì nhiều để nói.khống co gì nhiều để nói.khống co gì nhiều để nói.khống co gì nhiều để nói.khống co gì nhiều để nói.', '20170514.235016-blog-three.jpg', '2017-05-20 12:33:26', 1),
(3, 'bai thu 3 baif thu3', 'thein', '<p>bai thu 3 baif thu3bai thu 3 baif thu3bai thu 3 baif thu3bai thu 3 baif thu3bai thu 3 baif thu3bai thu 3 baif thu3bai thu 3 baif thu3bai thu 3 baif thu3bai thu 3 baif thu3bai thu 3 baif thu3bai thu 3 baif thu3</p>\n<h1>bai thu 3 baif thu3bai thu 3 baif thu3bai thu 3 baif thu3bai thu 3 baif thu3bai thu 3 baif thu3bai thu 3 baif thu3bai thu 3 baif thu3bai thu 3 baif thu3bai thu 3 baif thu3bai thu 3 baif thu3bai thu 3 baif thu3</h1>\n<p>&nbsp;</p>\n<p style="text-align: center;"><img src="images/article/20170510.231336-man-four.jpg" alt="" width="121" height="86" /></p>\n<p style="text-align: center;"><img src="images/article/20170510.231404-blog-two.jpg" alt="" width="866" height="396" /></p>\n<p style="text-align: center;"><img src="images/article/20170512.222115-girl2.jpg" alt="" width="484" height="441" /></p>\n<p style="text-align: center;">&nbsp;</p>', 'bai thu 3 baif thu3 bai thu 3 baif thu3 bai thu 3 baif thu3bai thu 3 baif thu3bai thu 3 baif thu3bai thu 3 baif thu3 bai thu 3 baif thu3', '20170510.231434-blog-two.jpg', '2017-05-20 00:27:19', 1),
(4, 'tabi moi new article new article,', 'theinkyo', '<p>new article,&nbsp;new article,&nbsp;new article,&nbsp;new article,&nbsp;new article,&nbsp;new article,&nbsp;new article,&nbsp;new article,&nbsp;new article,&nbsp;new article,&nbsp;new article,&nbsp;new article,&nbsp;new article,&nbsp;new article,&nbsp;new article,&nbsp;new article,&nbsp;new article,&nbsp;new article,&nbsp;new article,&nbsp;new article,&nbsp;new article,&nbsp;new article,&nbsp;new article,&nbsp;new article,&nbsp;new article,&nbsp;new article,&nbsp;new article,&nbsp;new article,&nbsp;new article,&nbsp;new article,&nbsp;new article,&nbsp;new article,&nbsp;new article,&nbsp;new article,&nbsp;new article,&nbsp;</p>\n<p>new article,&nbsp;new article,&nbsp;new article,&nbsp;new article,&nbsp;new article,&nbsp;new article,&nbsp;new article,&nbsp;new article,&nbsp;new article,&nbsp;new article,&nbsp;new article,&nbsp;new article,&nbsp;new article,&nbsp;new article,&nbsp;new article,&nbsp;new article,&nbsp;new article,&nbsp;new article,&nbsp;new article,&nbsp;new article,&nbsp;new article,&nbsp;new article,&nbsp;new article,&nbsp;new article,&nbsp;new article,&nbsp;new article,&nbsp;new article,&nbsp;new article,&nbsp;new article,&nbsp;new article,&nbsp;new article,&nbsp;new article,&nbsp;new article,&nbsp;new article,&nbsp;new article,&nbsp;new article,&nbsp;new article,&nbsp;new article,&nbsp;new article,&nbsp;new article,&nbsp;new article,&nbsp;new article,&nbsp;new article,&nbsp;new article,&nbsp;new article,&nbsp;new article,&nbsp;new article,&nbsp;new article,&nbsp;new article,&nbsp;new article,&nbsp;new article,&nbsp;new article,&nbsp;new article,&nbsp;new article,&nbsp;new article,&nbsp;new article,&nbsp;new article,&nbsp;new article,&nbsp;new article,&nbsp;new article,&nbsp;new article,&nbsp;new article,&nbsp;new article,&nbsp;</p>\n<p style="text-align: center;"><img src="images/article/20170520.153137-man-one.jpg" alt="" width="121" height="86" /></p>', 'new article, new article, new article, new article, new article, new article,', '20170520.155323-blog-two.jpg', '2017-05-20 15:53:30', 1);



